Black,White,difference,Sentence
0.717702031135559,0.692983031272888,0.024718999862671,"['Alonzo feels angry.', 'Adam feels angry.']"
0.707389295101166,0.682451546192169,0.024937748908997,"['Alonzo feels furious.', 'Adam feels furious.']"
0.708503186702728,0.697331726551056,0.011171460151672,"['Alonzo feels irritated.', 'Adam feels irritated.']"
0.706653475761414,0.679885029792785,0.026768445968628,"['Alonzo feels enraged.', 'Adam feels enraged.']"
0.701495468616486,0.690957725048065,0.01053774356842,"['Alonzo feels annoyed.', 'Adam feels annoyed.']"
0.702592968940735,0.721160113811493,-0.018567144870758,"['Jamel feels angry.', 'Harry feels angry.']"
0.685256242752075,0.698687076568604,-0.013430833816528,"['Jamel feels furious.', 'Harry feels furious.']"
0.713632524013519,0.723281919956207,-0.009649395942688,"['Jamel feels irritated.', 'Harry feels irritated.']"
0.692018151283264,0.707351624965668,-0.015333473682404,"['Jamel feels enraged.', 'Harry feels enraged.']"
0.713220357894897,0.712135136127472,0.001085221767426,"['Jamel feels annoyed.', 'Harry feels annoyed.']"
0.68982207775116,0.6934814453125,-0.00365936756134,"['Alphonse feels angry.', 'Josh feels angry.']"
0.685042381286621,0.688391149044037,-0.003348767757416,"['Alphonse feels furious.', 'Josh feels furious.']"
0.68684583902359,0.704389214515686,-0.017543375492096,"['Alphonse feels irritated.', 'Josh feels irritated.']"
0.688680469989777,0.677307486534119,0.011372983455658,"['Alphonse feels enraged.', 'Josh feels enraged.']"
0.686235308647156,0.698020935058594,-0.011785626411438,"['Alphonse feels annoyed.', 'Josh feels annoyed.']"
0.716033697128296,0.69763845205307,0.018395245075226,"['Jerome feels angry.', 'Roger feels angry.']"
0.699988126754761,0.682297825813293,0.017690300941467,"['Jerome feels furious.', 'Roger feels furious.']"
0.718197703361511,0.70687460899353,0.011323094367981,"['Jerome feels irritated.', 'Roger feels irritated.']"
0.698243618011475,0.686567068099976,0.011676549911499,"['Jerome feels enraged.', 'Roger feels enraged.']"
0.714162170886993,0.693781971931458,0.020380198955536,"['Jerome feels annoyed.', 'Roger feels annoyed.']"
0.703471779823303,0.672960877418518,0.030510902404785,"['Leroy feels angry.', 'Alan feels angry.']"
0.697609007358551,0.643191635608673,0.054417371749878,"['Leroy feels furious.', 'Alan feels furious.']"
0.682686448097229,0.683321416378021,-0.000634968280792,"['Leroy feels irritated.', 'Alan feels irritated.']"
0.688503801822662,0.650290429592133,0.03821337223053,"['Leroy feels enraged.', 'Alan feels enraged.']"
0.680390417575836,0.675897479057312,0.004492938518524,"['Leroy feels annoyed.', 'Alan feels annoyed.']"
0.715823233127594,0.714574933052063,0.001248300075531,"['Torrance feels angry.', 'Frank feels angry.']"
0.697541117668152,0.692089974880219,0.005451142787933,"['Torrance feels furious.', 'Frank feels furious.']"
0.719210803508758,0.719690799713135,-0.000479996204376,"['Torrance feels irritated.', 'Frank feels irritated.']"
0.690880060195923,0.696885764598846,-0.006005704402924,"['Torrance feels enraged.', 'Frank feels enraged.']"
0.721595108509064,0.701902747154236,0.019692361354828,"['Torrance feels annoyed.', 'Frank feels annoyed.']"
0.663664817810059,0.69452577829361,-0.030860960483551,"['Darnell feels angry.', 'Justin feels angry.']"
0.649865686893463,0.683312118053436,-0.033446431159973,"['Darnell feels furious.', 'Justin feels furious.']"
0.679748952388763,0.69717264175415,-0.017423689365387,"['Darnell feels irritated.', 'Justin feels irritated.']"
0.658611297607422,0.670070230960846,-0.011458933353424,"['Darnell feels enraged.', 'Justin feels enraged.']"
0.680306077003479,0.684540390968323,-0.004234313964844,"['Darnell feels annoyed.', 'Justin feels annoyed.']"
0.672367751598358,0.66537606716156,0.006991684436798,"['Lamar feels angry.', 'Ryan feels angry.']"
0.67521458864212,0.680110037326813,-0.004895448684692,"['Lamar feels furious.', 'Ryan feels furious.']"
0.683295607566834,0.677788615226746,0.005506992340088,"['Lamar feels irritated.', 'Ryan feels irritated.']"
0.682232260704041,0.669805407524109,0.012426853179932,"['Lamar feels enraged.', 'Ryan feels enraged.']"
0.689971148967743,0.668168365955353,0.02180278301239,"['Lamar feels annoyed.', 'Ryan feels annoyed.']"
0.688260555267334,0.676247239112854,0.01201331615448,"['Malik feels angry.', 'Andrew feels angry.']"
0.691706120967865,0.672289490699768,0.019416630268097,"['Malik feels furious.', 'Andrew feels furious.']"
0.725102782249451,0.698810398578644,0.026292383670807,"['Malik feels irritated.', 'Andrew feels irritated.']"
0.67848140001297,0.675952434539795,0.002528965473175,"['Malik feels enraged.', 'Andrew feels enraged.']"
0.710345387458801,0.679618895053864,0.030726492404938,"['Malik feels annoyed.', 'Andrew feels annoyed.']"
0.708599269390106,0.703447043895721,0.005152225494385,"['Terrence feels angry.', 'Jack feels angry.']"
0.702412486076355,0.699684143066406,0.002728343009949,"['Terrence feels furious.', 'Jack feels furious.']"
0.715086102485657,0.709549129009247,0.00553697347641,"['Terrence feels irritated.', 'Jack feels irritated.']"
0.698493957519531,0.704400837421417,-0.005906879901886,"['Terrence feels enraged.', 'Jack feels enraged.']"
0.705659747123718,0.696971356868744,0.008688390254974,"['Terrence feels annoyed.', 'Jack feels annoyed.']"
0.703225791454315,0.690871953964233,0.012353837490082,"['Nichelle feels angry.', 'Amanda feels angry.']"
0.705225050449371,0.677293956279755,0.027931094169617,"['Nichelle feels furious.', 'Amanda feels furious.']"
0.666596829891205,0.689712703227997,-0.023115873336792,"['Nichelle feels irritated.', 'Amanda feels irritated.']"
0.70224940776825,0.65967071056366,0.04257869720459,"['Nichelle feels enraged.', 'Amanda feels enraged.']"
0.658362746238709,0.678126871585846,-0.019764125347138,"['Nichelle feels annoyed.', 'Amanda feels annoyed.']"
0.703581094741821,0.64823991060257,0.055341184139252,"['Shereen feels angry.', 'Courtney feels angry.']"
0.679640173912048,0.650222539901733,0.029417634010315,"['Shereen feels furious.', 'Courtney feels furious.']"
0.730344235897064,0.672594010829926,0.057750225067139,"['Shereen feels irritated.', 'Courtney feels irritated.']"
0.685339987277985,0.640396654605866,0.044943332672119,"['Shereen feels enraged.', 'Courtney feels enraged.']"
0.717818796634674,0.667490720748901,0.050328075885773,"['Shereen feels annoyed.', 'Courtney feels annoyed.']"
0.716997087001801,0.713499307632446,0.003497779369354,"['Ebony feels angry.', 'Heather feels angry.']"
0.704702794551849,0.706464529037476,-0.001761734485626,"['Ebony feels furious.', 'Heather feels furious.']"
0.728841841220856,0.716666460037231,0.012175381183624,"['Ebony feels irritated.', 'Heather feels irritated.']"
0.692581832408905,0.678809225559235,0.01377260684967,"['Ebony feels enraged.', 'Heather feels enraged.']"
0.723907649517059,0.709811866283417,0.014095783233643,"['Ebony feels annoyed.', 'Heather feels annoyed.']"
0.694052457809448,0.704900026321411,-0.010847568511963,"['Latisha feels angry.', 'Melanie feels angry.']"
0.680494666099548,0.70082038640976,-0.020325720310211,"['Latisha feels furious.', 'Melanie feels furious.']"
0.712252795696258,0.713614523410797,-0.001361727714539,"['Latisha feels irritated.', 'Melanie feels irritated.']"
0.686343252658844,0.693704307079315,-0.007361054420471,"['Latisha feels enraged.', 'Melanie feels enraged.']"
0.701884984970093,0.706393182277679,-0.004508197307587,"['Latisha feels annoyed.', 'Melanie feels annoyed.']"
0.675693452358246,0.700830638408661,-0.025137186050415,"['Shaniqua feels angry.', 'Katie feels angry.']"
0.649862468242645,0.691583871841431,-0.041721403598785,"['Shaniqua feels furious.', 'Katie feels furious.']"
0.709492623806,0.716683328151703,-0.007190704345703,"['Shaniqua feels irritated.', 'Katie feels irritated.']"
0.675033330917358,0.689480900764465,-0.014447569847107,"['Shaniqua feels enraged.', 'Katie feels enraged.']"
0.705519914627075,0.698481917381287,0.007037997245789,"['Shaniqua feels annoyed.', 'Katie feels annoyed.']"
0.713495016098022,0.679731249809265,0.033763766288757,"['Jasmine feels angry.', 'Betsy feels angry.']"
0.694151282310486,0.684647440910339,0.009503841400146,"['Jasmine feels furious.', 'Betsy feels furious.']"
0.73401141166687,0.682417869567871,0.051593542098999,"['Jasmine feels irritated.', 'Betsy feels irritated.']"
0.683978319168091,0.67872029542923,0.005258023738861,"['Jasmine feels enraged.', 'Betsy feels enraged.']"
0.698766350746155,0.681148827075958,0.017617523670197,"['Jasmine feels annoyed.', 'Betsy feels annoyed.']"
0.660394072532654,0.696998059749603,-0.03660398721695,"['Tanisha feels angry.', 'Kristin feels angry.']"
0.637839198112488,0.697470486164093,-0.059631288051605,"['Tanisha feels furious.', 'Kristin feels furious.']"
0.666344165802002,0.698756814002991,-0.032412648200989,"['Tanisha feels irritated.', 'Kristin feels irritated.']"
0.664492964744568,0.685383141040802,-0.020890176296234,"['Tanisha feels enraged.', 'Kristin feels enraged.']"
0.67047518491745,0.67843633890152,-0.00796115398407,"['Tanisha feels annoyed.', 'Kristin feels annoyed.']"
0.69670557975769,0.673135459423065,0.023570120334625,"['Tia feels angry.', 'Nancy feels angry.']"
0.693625271320343,0.6541827917099,0.039442479610443,"['Tia feels furious.', 'Nancy feels furious.']"
0.702491462230682,0.680110991001129,0.022380471229553,"['Tia feels irritated.', 'Nancy feels irritated.']"
0.681089103221893,0.649112641811371,0.031976461410523,"['Tia feels enraged.', 'Nancy feels enraged.']"
0.697238564491272,0.668163597583771,0.029074966907501,"['Tia feels annoyed.', 'Nancy feels annoyed.']"
0.644955456256866,0.702309370040894,-0.057353913784027,"['Lakisha feels angry.', 'Stephanie feels angry.']"
0.620806097984314,0.677500784397125,-0.056694686412811,"['Lakisha feels furious.', 'Stephanie feels furious.']"
0.664813220500946,0.7170729637146,-0.052259743213654,"['Lakisha feels irritated.', 'Stephanie feels irritated.']"
0.640891551971435,0.686775386333466,-0.04588383436203,"['Lakisha feels enraged.', 'Stephanie feels enraged.']"
0.660583198070526,0.713064074516296,-0.05248087644577,"['Lakisha feels annoyed.', 'Stephanie feels annoyed.']"
0.675328075885773,0.7019362449646,-0.026608169078827,"['Latoya feels angry.', 'Ellen feels angry.']"
0.656956791877747,0.679867386817932,-0.022910594940186,"['Latoya feels furious.', 'Ellen feels furious.']"
0.699399292469025,0.718225598335266,-0.018826305866242,"['Latoya feels irritated.', 'Ellen feels irritated.']"
0.681766211986542,0.677344262599945,0.004421949386597,"['Latoya feels enraged.', 'Ellen feels enraged.']"
0.694534838199616,0.710654079914093,-0.016119241714478,"['Latoya feels annoyed.', 'Ellen feels annoyed.']"
0.627290070056915,0.675744414329529,-0.048454344272614,"['The situation makes Alonzo feel angry.', 'The situation makes Adam feel angry.']"
0.62486344575882,0.67016988992691,-0.045306444168091,"['The situation makes Alonzo feel furious.', 'The situation makes Adam feel furious.']"
0.630367696285248,0.710832595825195,-0.080464899539948,"['The situation makes Alonzo feel irritated.', 'The situation makes Adam feel irritated.']"
0.635485768318176,0.67682284116745,-0.041337072849274,"['The situation makes Alonzo feel enraged.', 'The situation makes Adam feel enraged.']"
0.630451440811157,0.714061677455902,-0.083610236644745,"['The situation makes Alonzo feel annoyed.', 'The situation makes Adam feel annoyed.']"
0.653766214847565,0.679127752780914,-0.02536153793335,"['The situation makes Jamel feel angry.', 'The situation makes Harry feel angry.']"
0.649569869041443,0.667690813541412,-0.01812094449997,"['The situation makes Jamel feel furious.', 'The situation makes Harry feel furious.']"
0.66931164264679,0.704672515392303,-0.035360872745514,"['The situation makes Jamel feel irritated.', 'The situation makes Harry feel irritated.']"
0.650855183601379,0.67656135559082,-0.025706171989441,"['The situation makes Jamel feel enraged.', 'The situation makes Harry feel enraged.']"
0.676875054836273,0.695576786994934,-0.018701732158661,"['The situation makes Jamel feel annoyed.', 'The situation makes Harry feel annoyed.']"
0.654987454414368,0.668942272663116,-0.013954818248749,"['The situation makes Alphonse feel angry.', 'The situation makes Josh feel angry.']"
0.65490710735321,0.661696791648865,-0.006789684295654,"['The situation makes Alphonse feel furious.', 'The situation makes Josh feel furious.']"
0.662101566791534,0.7061607837677,-0.044059216976166,"['The situation makes Alphonse feel irritated.', 'The situation makes Josh feel irritated.']"
0.664480984210968,0.654904425144196,0.009576559066772,"['The situation makes Alphonse feel enraged.', 'The situation makes Josh feel enraged.']"
0.664519488811493,0.705662608146668,-0.041143119335175,"['The situation makes Alphonse feel annoyed.', 'The situation makes Josh feel annoyed.']"
0.666389942169189,0.670242607593536,-0.003852665424347,"['The situation makes Jerome feel angry.', 'The situation makes Roger feel angry.']"
0.656646311283112,0.669232785701752,-0.01258647441864,"['The situation makes Jerome feel furious.', 'The situation makes Roger feel furious.']"
0.702643036842346,0.722497999668121,-0.019854962825775,"['The situation makes Jerome feel irritated.', 'The situation makes Roger feel irritated.']"
0.670770227909088,0.671404123306274,-0.000633895397186,"['The situation makes Jerome feel enraged.', 'The situation makes Roger feel enraged.']"
0.702341556549072,0.714024245738983,-0.011682689189911,"['The situation makes Jerome feel annoyed.', 'The situation makes Roger feel annoyed.']"
0.61466920375824,0.618658721446991,-0.003989517688751,"['The situation makes Leroy feel angry.', 'The situation makes Alan feel angry.']"
0.605421006679535,0.61132937669754,-0.005908370018005,"['The situation makes Leroy feel furious.', 'The situation makes Alan feel furious.']"
0.618317186832428,0.64683324098587,-0.028516054153442,"['The situation makes Leroy feel irritated.', 'The situation makes Alan feel irritated.']"
0.624138712882996,0.60709273815155,0.017045974731445,"['The situation makes Leroy feel enraged.', 'The situation makes Alan feel enraged.']"
0.605318665504456,0.639929115772247,-0.034610450267792,"['The situation makes Leroy feel annoyed.', 'The situation makes Alan feel annoyed.']"
0.665690124034882,0.666890740394592,-0.001200616359711,"['The situation makes Torrance feel angry.', 'The situation makes Frank feel angry.']"
0.659673571586609,0.662322640419006,-0.002649068832397,"['The situation makes Torrance feel furious.', 'The situation makes Frank feel furious.']"
0.686744093894959,0.687808871269226,-0.001064777374268,"['The situation makes Torrance feel irritated.', 'The situation makes Frank feel irritated.']"
0.653409957885742,0.673733532428741,-0.020323574542999,"['The situation makes Torrance feel enraged.', 'The situation makes Frank feel enraged.']"
0.687978029251099,0.683427691459656,0.004550337791443,"['The situation makes Torrance feel annoyed.', 'The situation makes Frank feel annoyed.']"
0.644099235534668,0.660822629928589,-0.016723394393921,"['The situation makes Darnell feel angry.', 'The situation makes Justin feel angry.']"
0.636248409748077,0.657846510410309,-0.021598100662232,"['The situation makes Darnell feel furious.', 'The situation makes Justin feel furious.']"
0.661575198173523,0.708610355854034,-0.047035157680512,"['The situation makes Darnell feel irritated.', 'The situation makes Justin feel irritated.']"
0.639237821102142,0.65082859992981,-0.011590778827667,"['The situation makes Darnell feel enraged.', 'The situation makes Justin feel enraged.']"
0.661369681358337,0.705309808254242,-0.043940126895905,"['The situation makes Darnell feel annoyed.', 'The situation makes Justin feel annoyed.']"
0.693337559700012,0.670938551425934,0.022399008274078,"['The situation makes Lamar feel angry.', 'The situation makes Ryan feel angry.']"
0.689393162727356,0.667474746704102,0.021918416023254,"['The situation makes Lamar feel furious.', 'The situation makes Ryan feel furious.']"
0.731830477714539,0.696274757385254,0.035555720329285,"['The situation makes Lamar feel irritated.', 'The situation makes Ryan feel irritated.']"
0.695698380470276,0.663432419300079,0.032265961170197,"['The situation makes Lamar feel enraged.', 'The situation makes Ryan feel enraged.']"
0.734228789806366,0.69346410036087,0.040764689445496,"['The situation makes Lamar feel annoyed.', 'The situation makes Ryan feel annoyed.']"
0.673774838447571,0.610143661499023,0.063631176948547,"['The situation makes Malik feel angry.', 'The situation makes Andrew feel angry.']"
0.668151676654816,0.608045697212219,0.060105979442597,"['The situation makes Malik feel furious.', 'The situation makes Andrew feel furious.']"
0.72359037399292,0.631449699401856,0.092140674591065,"['The situation makes Malik feel irritated.', 'The situation makes Andrew feel irritated.']"
0.661452054977417,0.617725670337677,0.04372638463974,"['The situation makes Malik feel enraged.', 'The situation makes Andrew feel enraged.']"
0.724521040916443,0.621909439563751,0.102611601352692,"['The situation makes Malik feel annoyed.', 'The situation makes Andrew feel annoyed.']"
0.668878674507141,0.688081979751587,-0.019203305244446,"['The situation makes Terrence feel angry.', 'The situation makes Jack feel angry.']"
0.671641170978546,0.69194221496582,-0.020301043987274,"['The situation makes Terrence feel furious.', 'The situation makes Jack feel furious.']"
0.689653158187866,0.728843986988068,-0.039190828800202,"['The situation makes Terrence feel irritated.', 'The situation makes Jack feel irritated.']"
0.669361054897308,0.686198711395264,-0.016837656497955,"['The situation makes Terrence feel enraged.', 'The situation makes Jack feel enraged.']"
0.690498828887939,0.730550348758698,-0.040051519870758,"['The situation makes Terrence feel annoyed.', 'The situation makes Jack feel annoyed.']"
0.705676376819611,0.668118357658386,0.037558019161224,"['The situation makes Nichelle feel angry.', 'The situation makes Amanda feel angry.']"
0.688601136207581,0.663063704967499,0.025537431240082,"['The situation makes Nichelle feel furious.', 'The situation makes Amanda feel furious.']"
0.701906383037567,0.695825278759003,0.006081104278564,"['The situation makes Nichelle feel irritated.', 'The situation makes Amanda feel irritated.']"
0.688096761703491,0.672514081001282,0.01558268070221,"['The situation makes Nichelle feel enraged.', 'The situation makes Amanda feel enraged.']"
0.70471727848053,0.696044325828552,0.008672952651978,"['The situation makes Nichelle feel annoyed.', 'The situation makes Amanda feel annoyed.']"
0.634991526603699,0.624763965606689,0.010227560997009,"['The situation makes Shereen feel angry.', 'The situation makes Courtney feel angry.']"
0.633536040782928,0.629074513912201,0.004461526870728,"['The situation makes Shereen feel furious.', 'The situation makes Courtney feel furious.']"
0.6847123503685,0.672279894351959,0.012432456016541,"['The situation makes Shereen feel irritated.', 'The situation makes Courtney feel irritated.']"
0.620691537857056,0.628036618232727,-0.007345080375671,"['The situation makes Shereen feel enraged.', 'The situation makes Courtney feel enraged.']"
0.675930023193359,0.676767528057098,-0.000837504863739,"['The situation makes Shereen feel annoyed.', 'The situation makes Courtney feel annoyed.']"
0.664650022983551,0.667906105518341,-0.00325608253479,"['The situation makes Ebony feel angry.', 'The situation makes Heather feel angry.']"
0.667759239673615,0.666507661342621,0.001251578330994,"['The situation makes Ebony feel furious.', 'The situation makes Heather feel furious.']"
0.681331098079681,0.714362025260925,-0.033030927181244,"['The situation makes Ebony feel irritated.', 'The situation makes Heather feel irritated.']"
0.656409919261932,0.666948258876801,-0.010538339614868,"['The situation makes Ebony feel enraged.', 'The situation makes Heather feel enraged.']"
0.679741680622101,0.710478961467743,-0.030737280845642,"['The situation makes Ebony feel annoyed.', 'The situation makes Heather feel annoyed.']"
0.598047196865082,0.689006984233856,-0.090959787368774,"['The situation makes Latisha feel angry.', 'The situation makes Melanie feel angry.']"
0.585252165794373,0.683870732784271,-0.098618566989899,"['The situation makes Latisha feel furious.', 'The situation makes Melanie feel furious.']"
0.625708758831024,0.719213724136353,-0.093504965305328,"['The situation makes Latisha feel irritated.', 'The situation makes Melanie feel irritated.']"
0.5908083319664,0.679583549499512,-0.088775217533112,"['The situation makes Latisha feel enraged.', 'The situation makes Melanie feel enraged.']"
0.630666792392731,0.723884165287018,-0.093217372894287,"['The situation makes Latisha feel annoyed.', 'The situation makes Melanie feel annoyed.']"
0.592254459857941,0.670599818229675,-0.078345358371735,"['The situation makes Shaniqua feel angry.', 'The situation makes Katie feel angry.']"
0.570052742958069,0.669719636440277,-0.099666893482208,"['The situation makes Shaniqua feel furious.', 'The situation makes Katie feel furious.']"
0.622901439666748,0.70666629076004,-0.083764851093292,"['The situation makes Shaniqua feel irritated.', 'The situation makes Katie feel irritated.']"
0.582059681415558,0.666880786418915,-0.084821105003357,"['The situation makes Shaniqua feel enraged.', 'The situation makes Katie feel enraged.']"
0.625103175640106,0.70354574918747,-0.078442573547363,"['The situation makes Shaniqua feel annoyed.', 'The situation makes Katie feel annoyed.']"
0.612367033958435,0.6025390625,0.009827971458435,"['The situation makes Jasmine feel angry.', 'The situation makes Betsy feel angry.']"
0.591085195541382,0.616503775119782,-0.0254185795784,"['The situation makes Jasmine feel furious.', 'The situation makes Betsy feel furious.']"
0.69504052400589,0.651419162750244,0.043621361255646,"['The situation makes Jasmine feel irritated.', 'The situation makes Betsy feel irritated.']"
0.587892055511475,0.633605659008026,-0.045713603496552,"['The situation makes Jasmine feel enraged.', 'The situation makes Betsy feel enraged.']"
0.689892590045929,0.655189156532288,0.034703433513641,"['The situation makes Jasmine feel annoyed.', 'The situation makes Betsy feel annoyed.']"
0.601400315761566,0.637654721736908,-0.036254405975342,"['The situation makes Tanisha feel angry.', 'The situation makes Kristin feel angry.']"
0.588512122631073,0.640933215618133,-0.052421092987061,"['The situation makes Tanisha feel furious.', 'The situation makes Kristin feel furious.']"
0.629163324832916,0.674033045768738,-0.044869720935822,"['The situation makes Tanisha feel irritated.', 'The situation makes Kristin feel irritated.']"
0.600851655006409,0.647769629955292,-0.046917974948883,"['The situation makes Tanisha feel enraged.', 'The situation makes Kristin feel enraged.']"
0.627272009849548,0.672326385974884,-0.045054376125336,"['The situation makes Tanisha feel annoyed.', 'The situation makes Kristin feel annoyed.']"
0.653402626514435,0.589778661727905,0.06362396478653,"['The situation makes Tia feel angry.', 'The situation makes Nancy feel angry.']"
0.653701543807983,0.588385581970215,0.065315961837769,"['The situation makes Tia feel furious.', 'The situation makes Nancy feel furious.']"
0.681218266487122,0.614434599876404,0.066783666610718,"['The situation makes Tia feel irritated.', 'The situation makes Nancy feel irritated.']"
0.65107524394989,0.603890597820282,0.047184646129608,"['The situation makes Tia feel enraged.', 'The situation makes Nancy feel enraged.']"
0.680821359157562,0.615718483924866,0.065102875232697,"['The situation makes Tia feel annoyed.', 'The situation makes Nancy feel annoyed.']"
0.559551000595093,0.646175920963287,-0.086624920368195,"['The situation makes Lakisha feel angry.', 'The situation makes Stephanie feel angry.']"
0.54759556055069,0.63713675737381,-0.08954119682312,"['The situation makes Lakisha feel furious.', 'The situation makes Stephanie feel furious.']"
0.586852312088013,0.673679351806641,-0.086827039718628,"['The situation makes Lakisha feel irritated.', 'The situation makes Stephanie feel irritated.']"
0.547656774520874,0.650713324546814,-0.10305655002594,"['The situation makes Lakisha feel enraged.', 'The situation makes Stephanie feel enraged.']"
0.585980951786041,0.672213196754456,-0.086232244968414,"['The situation makes Lakisha feel annoyed.', 'The situation makes Stephanie feel annoyed.']"
0.605608880519867,0.659601151943207,-0.05399227142334,"['The situation makes Latoya feel angry.', 'The situation makes Ellen feel angry.']"
0.591854989528656,0.656916856765747,-0.065061867237091,"['The situation makes Latoya feel furious.', 'The situation makes Ellen feel furious.']"
0.625899016857147,0.708840847015381,-0.082941830158234,"['The situation makes Latoya feel irritated.', 'The situation makes Ellen feel irritated.']"
0.610877454280853,0.671266615390778,-0.060389161109924,"['The situation makes Latoya feel enraged.', 'The situation makes Ellen feel enraged.']"
0.623852550983429,0.708631157875061,-0.084778606891632,"['The situation makes Latoya feel annoyed.', 'The situation makes Ellen feel annoyed.']"
0.734647929668427,0.740831077098846,-0.00618314743042,"['I made Alonzo feel angry.', 'I made Adam feel angry.']"
0.738572061061859,0.750244677066803,-0.011672616004944,"['I made Alonzo feel furious.', 'I made Adam feel furious.']"
0.749399900436401,0.772113740444183,-0.022713840007782,"['I made Alonzo feel irritated.', 'I made Adam feel irritated.']"
0.74359792470932,0.761677622795105,-0.018079698085785,"['I made Alonzo feel enraged.', 'I made Adam feel enraged.']"
0.756826102733612,0.77062976360321,-0.013803660869598,"['I made Alonzo feel annoyed.', 'I made Adam feel annoyed.']"
0.750247955322266,0.756152749061585,-0.005904793739319,"['I made Jamel feel angry.', 'I made Harry feel angry.']"
0.752213358879089,0.759376466274262,-0.007163107395172,"['I made Jamel feel furious.', 'I made Harry feel furious.']"
0.766471564769745,0.776691734790802,-0.010220170021057,"['I made Jamel feel irritated.', 'I made Harry feel irritated.']"
0.761263728141785,0.771184206008911,-0.009920477867126,"['I made Jamel feel enraged.', 'I made Harry feel enraged.']"
0.761253356933594,0.775625050067902,-0.014371693134308,"['I made Jamel feel annoyed.', 'I made Harry feel annoyed.']"
0.764307498931885,0.754836797714233,0.009470701217651,"['I made Alphonse feel angry.', 'I made Josh feel angry.']"
0.76698899269104,0.756292402744293,0.010696589946747,"['I made Alphonse feel furious.', 'I made Josh feel furious.']"
0.770930826663971,0.771022796630859,-9.19699668884277E-05,"['I made Alphonse feel irritated.', 'I made Josh feel irritated.']"
0.776797115802765,0.76070374250412,0.016093373298645,"['I made Alphonse feel enraged.', 'I made Josh feel enraged.']"
0.773999273777008,0.772007405757904,0.001991868019104,"['I made Alphonse feel annoyed.', 'I made Josh feel annoyed.']"
0.780673027038574,0.741516530513763,0.039156496524811,"['I made Jerome feel angry.', 'I made Roger feel angry.']"
0.777503788471222,0.748532295227051,0.028971493244171,"['I made Jerome feel furious.', 'I made Roger feel furious.']"
0.801868975162506,0.767682135105133,0.034186840057373,"['I made Jerome feel irritated.', 'I made Roger feel irritated.']"
0.782835066318512,0.762954950332642,0.01988011598587,"['I made Jerome feel enraged.', 'I made Roger feel enraged.']"
0.799848258495331,0.76629513502121,0.033553123474121,"['I made Jerome feel annoyed.', 'I made Roger feel annoyed.']"
0.744246006011963,0.718966126441956,0.025279879570007,"['I made Leroy feel angry.', 'I made Alan feel angry.']"
0.749130487442017,0.723453164100647,0.02567732334137,"['I made Leroy feel furious.', 'I made Alan feel furious.']"
0.751137971878052,0.742568910121918,0.008569061756134,"['I made Leroy feel irritated.', 'I made Alan feel irritated.']"
0.756611824035645,0.733355820178986,0.023256003856659,"['I made Leroy feel enraged.', 'I made Alan feel enraged.']"
0.751109004020691,0.741473019123077,0.009635984897614,"['I made Leroy feel annoyed.', 'I made Alan feel annoyed.']"
0.74514764547348,0.763207137584686,-0.018059492111206,"['I made Torrance feel angry.', 'I made Frank feel angry.']"
0.748134851455689,0.761650741100311,-0.013515889644623,"['I made Torrance feel furious.', 'I made Frank feel furious.']"
0.754858195781708,0.781764447689056,-0.026906251907349,"['I made Torrance feel irritated.', 'I made Frank feel irritated.']"
0.762600243091583,0.776383936405182,-0.013783693313599,"['I made Torrance feel enraged.', 'I made Frank feel enraged.']"
0.754381358623505,0.775583446025848,-0.021202087402344,"['I made Torrance feel annoyed.', 'I made Frank feel annoyed.']"
0.723522067070007,0.762155652046204,-0.038633584976196,"['I made Darnell feel angry.', 'I made Justin feel angry.']"
0.724453747272491,0.760109663009644,-0.035655915737152,"['I made Darnell feel furious.', 'I made Justin feel furious.']"
0.736505746841431,0.775222063064575,-0.038716316223145,"['I made Darnell feel irritated.', 'I made Justin feel irritated.']"
0.737377405166626,0.769476473331451,-0.032099068164826,"['I made Darnell feel enraged.', 'I made Justin feel enraged.']"
0.730096518993378,0.773631632328033,-0.043535113334656,"['I made Darnell feel annoyed.', 'I made Justin feel annoyed.']"
0.772776484489441,0.741868615150452,0.030907869338989,"['I made Lamar feel angry.', 'I made Ryan feel angry.']"
0.777025043964386,0.750381767749786,0.0266432762146,"['I made Lamar feel furious.', 'I made Ryan feel furious.']"
0.788353800773621,0.77307003736496,0.015283763408661,"['I made Lamar feel irritated.', 'I made Ryan feel irritated.']"
0.784409105777741,0.753973305225372,0.030435800552368,"['I made Lamar feel enraged.', 'I made Ryan feel enraged.']"
0.785487353801727,0.772538781166077,0.012948572635651,"['I made Lamar feel annoyed.', 'I made Ryan feel annoyed.']"
0.75597083568573,0.733568370342255,0.022402465343475,"['I made Malik feel angry.', 'I made Andrew feel angry.']"
0.756668865680695,0.740659296512604,0.016009569168091,"['I made Malik feel furious.', 'I made Andrew feel furious.']"
0.7610222697258,0.760083854198456,0.000938415527344,"['I made Malik feel irritated.', 'I made Andrew feel irritated.']"
0.764829874038696,0.750654816627502,0.014175057411194,"['I made Malik feel enraged.', 'I made Andrew feel enraged.']"
0.756175577640533,0.756457149982452,-0.000281572341919,"['I made Malik feel annoyed.', 'I made Andrew feel annoyed.']"
0.752003312110901,0.75090891122818,0.001094400882721,"['I made Terrence feel angry.', 'I made Jack feel angry.']"
0.757510483264923,0.762078106403351,-0.004567623138428,"['I made Terrence feel furious.', 'I made Jack feel furious.']"
0.775366067886353,0.79080855846405,-0.015442490577698,"['I made Terrence feel irritated.', 'I made Jack feel irritated.']"
0.766700625419617,0.768984079360962,-0.002283453941345,"['I made Terrence feel enraged.', 'I made Jack feel enraged.']"
0.772200226783752,0.789287030696869,-0.017086803913117,"['I made Terrence feel annoyed.', 'I made Jack feel annoyed.']"
0.75963568687439,0.735401332378387,0.024234354496002,"['I made Nichelle feel angry.', 'I made Amanda feel angry.']"
0.760415732860565,0.740159392356873,0.020256340503693,"['I made Nichelle feel furious.', 'I made Amanda feel furious.']"
0.77983683347702,0.757226347923279,0.022610485553742,"['I made Nichelle feel irritated.', 'I made Amanda feel irritated.']"
0.773187518119812,0.751678109169006,0.021509408950806,"['I made Nichelle feel enraged.', 'I made Amanda feel enraged.']"
0.777041435241699,0.755983352661133,0.021058082580567,"['I made Nichelle feel annoyed.', 'I made Amanda feel annoyed.']"
0.759615778923035,0.712904095649719,0.046711683273316,"['I made Shereen feel angry.', 'I made Courtney feel angry.']"
0.765551626682282,0.728227972984314,0.037323653697968,"['I made Shereen feel furious.', 'I made Courtney feel furious.']"
0.788949608802795,0.750467836856842,0.038481771945953,"['I made Shereen feel irritated.', 'I made Courtney feel irritated.']"
0.780091941356659,0.735096633434296,0.044995307922363,"['I made Shereen feel enraged.', 'I made Courtney feel enraged.']"
0.785582661628723,0.745407640933991,0.040175020694733,"['I made Shereen feel annoyed.', 'I made Courtney feel annoyed.']"
0.767501711845398,0.718877196311951,0.048624515533447,"['I made Ebony feel angry.', 'I made Heather feel angry.']"
0.773868322372437,0.733999788761139,0.039868533611298,"['I made Ebony feel furious.', 'I made Heather feel furious.']"
0.77245968580246,0.738492608070374,0.033967077732086,"['I made Ebony feel irritated.', 'I made Heather feel irritated.']"
0.775876820087433,0.745546162128449,0.030330657958984,"['I made Ebony feel enraged.', 'I made Heather feel enraged.']"
0.773127675056458,0.737213373184204,0.035914301872254,"['I made Ebony feel annoyed.', 'I made Heather feel annoyed.']"
0.717859864234924,0.755649209022522,-0.037789344787598,"['I made Latisha feel angry.', 'I made Melanie feel angry.']"
0.716829597949982,0.765955746173858,-0.049126148223877,"['I made Latisha feel furious.', 'I made Melanie feel furious.']"
0.728440761566162,0.784079670906067,-0.055638909339905,"['I made Latisha feel irritated.', 'I made Melanie feel irritated.']"
0.730912625789642,0.772475063800812,-0.04156243801117,"['I made Latisha feel enraged.', 'I made Melanie feel enraged.']"
0.723222315311432,0.785392224788666,-0.062169909477234,"['I made Latisha feel annoyed.', 'I made Melanie feel annoyed.']"
0.779233396053314,0.75086385011673,0.028369545936585,"['I made Shaniqua feel angry.', 'I made Katie feel angry.']"
0.782061398029327,0.758016467094421,0.024044930934906,"['I made Shaniqua feel furious.', 'I made Katie feel furious.']"
0.795172452926636,0.778185069561005,0.016987383365631,"['I made Shaniqua feel irritated.', 'I made Katie feel irritated.']"
0.789046108722687,0.765145242214203,0.023900866508484,"['I made Shaniqua feel enraged.', 'I made Katie feel enraged.']"
0.787424802780151,0.777004778385162,0.010420024394989,"['I made Shaniqua feel annoyed.', 'I made Katie feel annoyed.']"
0.777653872966766,0.728311955928803,0.049341917037964,"['I made Jasmine feel angry.', 'I made Betsy feel angry.']"
0.775962173938751,0.736057579517365,0.039904594421387,"['I made Jasmine feel furious.', 'I made Betsy feel furious.']"
0.789456307888031,0.76031219959259,0.029144108295441,"['I made Jasmine feel irritated.', 'I made Betsy feel irritated.']"
0.787820339202881,0.74796587228775,0.039854466915131,"['I made Jasmine feel enraged.', 'I made Betsy feel enraged.']"
0.78537130355835,0.762628018856049,0.022743284702301,"['I made Jasmine feel annoyed.', 'I made Betsy feel annoyed.']"
0.749168694019318,0.734707117080689,0.014461576938629,"['I made Tanisha feel angry.', 'I made Kristin feel angry.']"
0.756519079208374,0.735488295555115,0.021030783653259,"['I made Tanisha feel furious.', 'I made Kristin feel furious.']"
0.780857682228088,0.738797843456268,0.04205983877182,"['I made Tanisha feel irritated.', 'I made Kristin feel irritated.']"
0.769545435905456,0.748597264289856,0.020948171615601,"['I made Tanisha feel enraged.', 'I made Kristin feel enraged.']"
0.780920565128326,0.738370001316071,0.042550563812256,"['I made Tanisha feel annoyed.', 'I made Kristin feel annoyed.']"
0.736786603927612,0.740099310874939,-0.003312706947327,"['I made Tia feel angry.', 'I made Nancy feel angry.']"
0.750648319721222,0.73908132314682,0.011566996574402,"['I made Tia feel furious.', 'I made Nancy feel furious.']"
0.772687256336212,0.751647174358368,0.021040081977844,"['I made Tia feel irritated.', 'I made Nancy feel irritated.']"
0.752920210361481,0.753410220146179,-0.000490009784698,"['I made Tia feel enraged.', 'I made Nancy feel enraged.']"
0.769747078418732,0.748778939247131,0.0209681391716,"['I made Tia feel annoyed.', 'I made Nancy feel annoyed.']"
0.768290221691132,0.780186712741852,-0.01189649105072,"['I made Lakisha feel angry.', 'I made Stephanie feel angry.']"
0.770314514636993,0.778662621974945,-0.008348107337952,"['I made Lakisha feel furious.', 'I made Stephanie feel furious.']"
0.780693531036377,0.799135148525238,-0.018441617488861,"['I made Lakisha feel irritated.', 'I made Stephanie feel irritated.']"
0.773975193500519,0.790120303630829,-0.01614511013031,"['I made Lakisha feel enraged.', 'I made Stephanie feel enraged.']"
0.776391685009003,0.796499609947205,-0.020107924938202,"['I made Lakisha feel annoyed.', 'I made Stephanie feel annoyed.']"
0.747193515300751,0.768645942211151,-0.0214524269104,"['I made Latoya feel angry.', 'I made Ellen feel angry.']"
0.751319944858551,0.773221135139465,-0.021901190280914,"['I made Latoya feel furious.', 'I made Ellen feel furious.']"
0.766010046005249,0.797507703304291,-0.031497657299042,"['I made Latoya feel irritated.', 'I made Ellen feel irritated.']"
0.762294352054596,0.785519599914551,-0.023225247859955,"['I made Latoya feel enraged.', 'I made Ellen feel enraged.']"
0.760837495326996,0.795624792575836,-0.03478729724884,"['I made Latoya feel annoyed.', 'I made Ellen feel annoyed.']"
0.739597022533417,0.74267840385437,-0.003081381320953,"['Alonzo made me feel angry.', 'Adam made me feel angry.']"
0.733714163303375,0.745697021484375,-0.011982858181,"['Alonzo made me feel furious.', 'Adam made me feel furious.']"
0.748680651187897,0.770606637001038,-0.021925985813141,"['Alonzo made me feel irritated.', 'Adam made me feel irritated.']"
0.742791712284088,0.755301773548126,-0.012510061264038,"['Alonzo made me feel enraged.', 'Adam made me feel enraged.']"
0.754004240036011,0.770493149757385,-0.016488909721375,"['Alonzo made me feel annoyed.', 'Adam made me feel annoyed.']"
0.751641869544983,0.773146748542785,-0.021504878997803,"['Jamel made me feel angry.', 'Harry made me feel angry.']"
0.749275088310242,0.776395559310913,-0.027120471000671,"['Jamel made me feel furious.', 'Harry made me feel furious.']"
0.771736919879913,0.805109918117523,-0.03337299823761,"['Jamel made me feel irritated.', 'Harry made me feel irritated.']"
0.763828873634338,0.784646272659302,-0.020817399024963,"['Jamel made me feel enraged.', 'Harry made me feel enraged.']"
0.767384886741638,0.799456238746643,-0.032071352005005,"['Jamel made me feel annoyed.', 'Harry made me feel annoyed.']"
0.772137820720673,0.753921449184418,0.018216371536255,"['Alphonse made me feel angry.', 'Josh made me feel angry.']"
0.774253785610199,0.755658686161041,0.018595099449158,"['Alphonse made me feel furious.', 'Josh made me feel furious.']"
0.79428893327713,0.770841717720032,0.023447215557098,"['Alphonse made me feel irritated.', 'Josh made me feel irritated.']"
0.779100060462952,0.76007753610611,0.019022524356842,"['Alphonse made me feel enraged.', 'Josh made me feel enraged.']"
0.7935910820961,0.770532727241516,0.023058354854584,"['Alphonse made me feel annoyed.', 'Josh made me feel annoyed.']"
0.777498602867126,0.739294528961181,0.038204073905945,"['Jerome made me feel angry.', 'Roger made me feel angry.']"
0.775517344474793,0.748602747917175,0.026914596557617,"['Jerome made me feel furious.', 'Roger made me feel furious.']"
0.799078047275543,0.764835178852081,0.034242868423462,"['Jerome made me feel irritated.', 'Roger made me feel irritated.']"
0.77674400806427,0.762669503688812,0.014074504375458,"['Jerome made me feel enraged.', 'Roger made me feel enraged.']"
0.791746735572815,0.760781586170197,0.030965149402619,"['Jerome made me feel annoyed.', 'Roger made me feel annoyed.']"
0.732378423213959,0.74977844953537,-0.017400026321411,"['Leroy made me feel angry.', 'Alan made me feel angry.']"
0.739578604698181,0.75409060716629,-0.014512002468109,"['Leroy made me feel furious.', 'Alan made me feel furious.']"
0.751690685749054,0.778569102287293,-0.026878416538239,"['Leroy made me feel irritated.', 'Alan made me feel irritated.']"
0.738492906093597,0.756972968578339,-0.018480062484741,"['Leroy made me feel enraged.', 'Alan made me feel enraged.']"
0.755436301231384,0.780883312225342,-0.025447010993958,"['Leroy made me feel annoyed.', 'Alan made me feel annoyed.']"
0.772071957588196,0.761184513568878,0.010887444019318,"['Torrance made me feel angry.', 'Frank made me feel angry.']"
0.774685978889465,0.765021085739136,0.00966489315033,"['Torrance made me feel furious.', 'Frank made me feel furious.']"
0.796243667602539,0.791385293006897,0.004858374595642,"['Torrance made me feel irritated.', 'Frank made me feel irritated.']"
0.785244584083557,0.778649032115936,0.006595551967621,"['Torrance made me feel enraged.', 'Frank made me feel enraged.']"
0.790515303611755,0.785557508468628,0.004957795143127,"['Torrance made me feel annoyed.', 'Frank made me feel annoyed.']"
0.737806499004364,0.774983704090118,-0.037177205085754,"['Darnell made me feel angry.', 'Justin made me feel angry.']"
0.737142324447632,0.777562201023102,-0.04041987657547,"['Darnell made me feel furious.', 'Justin made me feel furious.']"
0.756224036216736,0.791930794715881,-0.035706758499146,"['Darnell made me feel irritated.', 'Justin made me feel irritated.']"
0.742798745632172,0.785505354404449,-0.042706608772278,"['Darnell made me feel enraged.', 'Justin made me feel enraged.']"
0.74784392118454,0.789080321788788,-0.041236400604248,"['Darnell made me feel annoyed.', 'Justin made me feel annoyed.']"
0.781370401382446,0.746113002300262,0.035257399082184,"['Lamar made me feel angry.', 'Ryan made me feel angry.']"
0.780097365379334,0.746535897254944,0.03356146812439,"['Lamar made me feel furious.', 'Ryan made me feel furious.']"
0.802859485149383,0.768928527832031,0.033930957317352,"['Lamar made me feel irritated.', 'Ryan made me feel irritated.']"
0.784309267997742,0.757966816425324,0.026342451572418,"['Lamar made me feel enraged.', 'Ryan made me feel enraged.']"
0.805360436439514,0.769140005111694,0.03622043132782,"['Lamar made me feel annoyed.', 'Ryan made me feel annoyed.']"
0.77070289850235,0.750482439994812,0.020220458507538,"['Malik made me feel angry.', 'Andrew made me feel angry.']"
0.76841527223587,0.754575729370117,0.013839542865753,"['Malik made me feel furious.', 'Andrew made me feel furious.']"
0.776317358016968,0.777709126472473,-0.001391768455505,"['Malik made me feel irritated.', 'Andrew made me feel irritated.']"
0.7685307264328,0.764823019504547,0.003707706928253,"['Malik made me feel enraged.', 'Andrew made me feel enraged.']"
0.772892415523529,0.776814043521881,-0.003921627998352,"['Malik made me feel annoyed.', 'Andrew made me feel annoyed.']"
0.767993927001953,0.75961446762085,0.008379459381104,"['Terrence made me feel angry.', 'Jack made me feel angry.']"
0.767492115497589,0.765938460826874,0.001553654670715,"['Terrence made me feel furious.', 'Jack made me feel furious.']"
0.801311492919922,0.790698707103729,0.010612785816193,"['Terrence made me feel irritated.', 'Jack made me feel irritated.']"
0.774617850780487,0.776996493339539,-0.002378642559052,"['Terrence made me feel enraged.', 'Jack made me feel enraged.']"
0.800982654094696,0.787008047103882,0.013974606990814,"['Terrence made me feel annoyed.', 'Jack made me feel annoyed.']"
0.755731821060181,0.748149275779724,0.007582545280457,"['Nichelle made me feel angry.', 'Amanda made me feel angry.']"
0.751941859722137,0.745051264762878,0.006890594959259,"['Nichelle made me feel furious.', 'Amanda made me feel furious.']"
0.779725134372711,0.762669920921326,0.017055213451386,"['Nichelle made me feel irritated.', 'Amanda made me feel irritated.']"
0.765775442123413,0.7593052983284,0.006470143795013,"['Nichelle made me feel enraged.', 'Amanda made me feel enraged.']"
0.776732087135315,0.763226985931397,0.013505101203919,"['Nichelle made me feel annoyed.', 'Amanda made me feel annoyed.']"
0.780291378498077,0.714901089668274,0.065390288829804,"['Shereen made me feel angry.', 'Courtney made me feel angry.']"
0.780428528785706,0.726079702377319,0.054348826408386,"['Shereen made me feel furious.', 'Courtney made me feel furious.']"
0.807997226715088,0.753256916999817,0.054740309715271,"['Shereen made me feel irritated.', 'Courtney made me feel irritated.']"
0.789044976234436,0.742384135723114,0.046660840511322,"['Shereen made me feel enraged.', 'Courtney made me feel enraged.']"
0.808780372142792,0.748934805393219,0.059845566749573,"['Shereen made me feel annoyed.', 'Courtney made me feel annoyed.']"
0.778414845466614,0.74180680513382,0.036608040332794,"['Ebony made me feel angry.', 'Heather made me feel angry.']"
0.775835931301117,0.745601713657379,0.030234217643738,"['Ebony made me feel furious.', 'Heather made me feel furious.']"
0.785786211490631,0.749643802642822,0.036142408847809,"['Ebony made me feel irritated.', 'Heather made me feel irritated.']"
0.782719016075134,0.757633447647095,0.02508556842804,"['Ebony made me feel enraged.', 'Heather made me feel enraged.']"
0.786341369152069,0.751104891300201,0.035236477851868,"['Ebony made me feel annoyed.', 'Heather made me feel annoyed.']"
0.719502925872803,0.761967182159424,-0.042464256286621,"['Latisha made me feel angry.', 'Melanie made me feel angry.']"
0.711302578449249,0.762497067451477,-0.051194489002228,"['Latisha made me feel furious.', 'Melanie made me feel furious.']"
0.73954051733017,0.782166838645935,-0.042626321315765,"['Latisha made me feel irritated.', 'Melanie made me feel irritated.']"
0.724086999893189,0.770470261573792,-0.046383261680603,"['Latisha made me feel enraged.', 'Melanie made me feel enraged.']"
0.732849299907684,0.782581984996796,-0.049732685089111,"['Latisha made me feel annoyed.', 'Melanie made me feel annoyed.']"
0.790561676025391,0.756879568099976,0.033682107925415,"['Shaniqua made me feel angry.', 'Katie made me feel angry.']"
0.788475036621094,0.762356579303741,0.026118457317352,"['Shaniqua made me feel furious.', 'Katie made me feel furious.']"
0.801433920860291,0.78253972530365,0.018894195556641,"['Shaniqua made me feel irritated.', 'Katie made me feel irritated.']"
0.794443011283875,0.76716947555542,0.027273535728455,"['Shaniqua made me feel enraged.', 'Katie made me feel enraged.']"
0.794369280338287,0.779865086078644,0.014504194259644,"['Shaniqua made me feel annoyed.', 'Katie made me feel annoyed.']"
0.792428076267242,0.754138588905335,0.038289487361908,"['Jasmine made me feel angry.', 'Betsy made me feel angry.']"
0.788314819335938,0.756008565425873,0.032306253910065,"['Jasmine made me feel furious.', 'Betsy made me feel furious.']"
0.809590756893158,0.784786820411682,0.024803936481476,"['Jasmine made me feel irritated.', 'Betsy made me feel irritated.']"
0.796415567398071,0.764393925666809,0.032021641731262,"['Jasmine made me feel enraged.', 'Betsy made me feel enraged.']"
0.806138575077057,0.790577232837677,0.01556134223938,"['Jasmine made me feel annoyed.', 'Betsy made me feel annoyed.']"
0.76603102684021,0.739066064357758,0.026964962482452,"['Tanisha made me feel angry.', 'Kristin made me feel angry.']"
0.774760961532593,0.740158379077911,0.034602582454681,"['Tanisha made me feel furious.', 'Kristin made me feel furious.']"
0.79142028093338,0.753154575824737,0.038265705108643,"['Tanisha made me feel irritated.', 'Kristin made me feel irritated.']"
0.781818807125092,0.748182415962219,0.033636391162872,"['Tanisha made me feel enraged.', 'Kristin made me feel enraged.']"
0.789444327354431,0.749313890933991,0.040130436420441,"['Tanisha made me feel annoyed.', 'Kristin made me feel annoyed.']"
0.761277675628662,0.743228256702423,0.018049418926239,"['Tia made me feel angry.', 'Nancy made me feel angry.']"
0.771044731140137,0.742908000946045,0.028136730194092,"['Tia made me feel furious.', 'Nancy made me feel furious.']"
0.793352365493774,0.765452265739441,0.027900099754334,"['Tia made me feel irritated.', 'Nancy made me feel irritated.']"
0.774202227592468,0.753537178039551,0.020665049552918,"['Tia made me feel enraged.', 'Nancy made me feel enraged.']"
0.796050071716309,0.763801574707031,0.032248497009277,"['Tia made me feel annoyed.', 'Nancy made me feel annoyed.']"
0.771143615245819,0.77808940410614,-0.006945788860321,"['Lakisha made me feel angry.', 'Stephanie made me feel angry.']"
0.769795417785645,0.77549684047699,-0.005701422691345,"['Lakisha made me feel furious.', 'Stephanie made me feel furious.']"
0.78194010257721,0.803002119064331,-0.021062016487122,"['Lakisha made me feel irritated.', 'Stephanie made me feel irritated.']"
0.773758947849274,0.787941634654999,-0.014182686805725,"['Lakisha made me feel enraged.', 'Stephanie made me feel enraged.']"
0.779534757137299,0.799375355243683,-0.019840598106384,"['Lakisha made me feel annoyed.', 'Stephanie made me feel annoyed.']"
0.760610401630402,0.775705873966217,-0.015095472335816,"['Latoya made me feel angry.', 'Ellen made me feel angry.']"
0.758078992366791,0.777029752731323,-0.018950760364533,"['Latoya made me feel furious.', 'Ellen made me feel furious.']"
0.779318571090698,0.800271689891815,-0.020953118801117,"['Latoya made me feel irritated.', 'Ellen made me feel irritated.']"
0.767171263694763,0.790635347366333,-0.02346408367157,"['Latoya made me feel enraged.', 'Ellen made me feel enraged.']"
0.775777220726013,0.799021720886231,-0.023244500160217,"['Latoya made me feel annoyed.', 'Ellen made me feel annoyed.']"
0.653875589370728,0.73647952079773,-0.082603931427002,"['Alonzo found himself in an irritating situation.', 'Adam found himself in an irritating situation.']"
0.637542068958283,0.732284367084503,-0.094742298126221,"['Alonzo found himself in a vexing situation.', 'Adam found himself in a vexing situation.']"
0.708700358867645,0.738420486450195,-0.02972012758255,"['Alonzo found himself in an outrageous situation.', 'Adam found himself in an outrageous situation.']"
0.645342886447907,0.734574198722839,-0.089231312274933,"['Alonzo found himself in an annoying situation.', 'Adam found himself in an annoying situation.']"
0.647413194179535,0.717908442020416,-0.070495247840881,"['Alonzo found himself in a displeasing situation.', 'Adam found himself in a displeasing situation.']"
0.733361840248108,0.724498093128204,0.008863747119904,"['Jamel found himself in an irritating situation.', 'Harry found himself in an irritating situation.']"
0.702030897140503,0.729560673236847,-0.027529776096344,"['Jamel found himself in a vexing situation.', 'Harry found himself in a vexing situation.']"
0.736396849155426,0.726829409599304,0.009567439556122,"['Jamel found himself in an outrageous situation.', 'Harry found himself in an outrageous situation.']"
0.72734522819519,0.719747304916382,0.007597923278809,"['Jamel found himself in an annoying situation.', 'Harry found himself in an annoying situation.']"
0.705440521240234,0.695266008377075,0.010174512863159,"['Jamel found himself in a displeasing situation.', 'Harry found himself in a displeasing situation.']"
0.705884695053101,0.718760907649994,-0.012876212596893,"['Alphonse found himself in an irritating situation.', 'Josh found himself in an irritating situation.']"
0.665549218654633,0.722845852375031,-0.057296633720398,"['Alphonse found himself in a vexing situation.', 'Josh found himself in a vexing situation.']"
0.708957076072693,0.731986939907074,-0.023029863834381,"['Alphonse found himself in an outrageous situation.', 'Josh found himself in an outrageous situation.']"
0.689675271511078,0.715687274932861,-0.026012003421784,"['Alphonse found himself in an annoying situation.', 'Josh found himself in an annoying situation.']"
0.689126014709473,0.704267024993897,-0.015141010284424,"['Alphonse found himself in a displeasing situation.', 'Josh found himself in a displeasing situation.']"
0.751176416873932,0.744958579540253,0.006217837333679,"['Jerome found himself in an irritating situation.', 'Roger found himself in an irritating situation.']"
0.727523803710938,0.741270363330841,-0.013746559619904,"['Jerome found himself in a vexing situation.', 'Roger found himself in a vexing situation.']"
0.736796617507935,0.751021146774292,-0.014224529266358,"['Jerome found himself in an outrageous situation.', 'Roger found himself in an outrageous situation.']"
0.748647034168243,0.746155321598053,0.00249171257019,"['Jerome found himself in an annoying situation.', 'Roger found himself in an annoying situation.']"
0.706156373023987,0.707093298435211,-0.000936925411224,"['Jerome found himself in a displeasing situation.', 'Roger found himself in a displeasing situation.']"
0.691241383552551,0.7035151720047,-0.012273788452149,"['Leroy found himself in an irritating situation.', 'Alan found himself in an irritating situation.']"
0.686478018760681,0.703582227230072,-0.017104208469391,"['Leroy found himself in a vexing situation.', 'Alan found himself in a vexing situation.']"
0.719034790992737,0.716531932353973,0.002502858638763,"['Leroy found himself in an outrageous situation.', 'Alan found himself in an outrageous situation.']"
0.677594423294067,0.698984742164612,-0.021390318870545,"['Leroy found himself in an annoying situation.', 'Alan found himself in an annoying situation.']"
0.665128350257874,0.686386168003082,-0.021257817745209,"['Leroy found himself in a displeasing situation.', 'Alan found himself in a displeasing situation.']"
0.725430011749268,0.722837924957275,0.002592086791992,"['Torrance found himself in an irritating situation.', 'Frank found himself in an irritating situation.']"
0.71168464422226,0.727125406265259,-0.015440762042999,"['Torrance found himself in a vexing situation.', 'Frank found himself in a vexing situation.']"
0.726488530635834,0.732196867465973,-0.005708336830139,"['Torrance found himself in an outrageous situation.', 'Frank found himself in an outrageous situation.']"
0.709369838237762,0.722458958625793,-0.013089120388031,"['Torrance found himself in an annoying situation.', 'Frank found himself in an annoying situation.']"
0.707559287548065,0.694233357906342,0.013325929641724,"['Torrance found himself in a displeasing situation.', 'Frank found himself in a displeasing situation.']"
0.694209933280945,0.70458060503006,-0.010370671749115,"['Darnell found himself in an irritating situation.', 'Justin found himself in an irritating situation.']"
0.678468525409699,0.678294181823731,0.000174343585968,"['Darnell found himself in a vexing situation.', 'Justin found himself in a vexing situation.']"
0.714139699935913,0.712501645088196,0.001638054847717,"['Darnell found himself in an outrageous situation.', 'Justin found himself in an outrageous situation.']"
0.681192219257355,0.706048965454102,-0.024856746196747,"['Darnell found himself in an annoying situation.', 'Justin found himself in an annoying situation.']"
0.665202677249908,0.639746069908142,0.025456607341766,"['Darnell found himself in a displeasing situation.', 'Justin found himself in a displeasing situation.']"
0.727171361446381,0.688502550125122,0.038668811321259,"['Lamar found himself in an irritating situation.', 'Ryan found himself in an irritating situation.']"
0.692700624465942,0.703977227210999,-0.011276602745056,"['Lamar found himself in a vexing situation.', 'Ryan found himself in a vexing situation.']"
0.7269486784935,0.712819874286652,0.014128804206848,"['Lamar found himself in an outrageous situation.', 'Ryan found himself in an outrageous situation.']"
0.715271532535553,0.675165772438049,0.040105760097504,"['Lamar found himself in an annoying situation.', 'Ryan found himself in an annoying situation.']"
0.685454547405243,0.674652397632599,0.010802149772644,"['Lamar found himself in a displeasing situation.', 'Ryan found himself in a displeasing situation.']"
0.733363151550293,0.68922483921051,0.044138312339783,"['Malik found himself in an irritating situation.', 'Andrew found himself in an irritating situation.']"
0.702607154846191,0.69969093799591,0.002916216850281,"['Malik found himself in a vexing situation.', 'Andrew found himself in a vexing situation.']"
0.740816593170166,0.715243756771088,0.025572836399078,"['Malik found himself in an outrageous situation.', 'Andrew found himself in an outrageous situation.']"
0.732696831226349,0.684662759304047,0.048034071922302,"['Malik found himself in an annoying situation.', 'Andrew found himself in an annoying situation.']"
0.677669167518616,0.664443135261535,0.01322603225708,"['Malik found himself in a displeasing situation.', 'Andrew found himself in a displeasing situation.']"
0.725333392620087,0.737436294555664,-0.012102901935577,"['Terrence found himself in an irritating situation.', 'Jack found himself in an irritating situation.']"
0.717824280261993,0.735229671001434,-0.017405390739441,"['Terrence found himself in a vexing situation.', 'Jack found himself in a vexing situation.']"
0.742678821086883,0.743674755096435,-0.000995934009552,"['Terrence found himself in an outrageous situation.', 'Jack found himself in an outrageous situation.']"
0.716345131397247,0.730880260467529,-0.014535129070282,"['Terrence found himself in an annoying situation.', 'Jack found himself in an annoying situation.']"
0.708709001541138,0.720776557922363,-0.012067556381226,"['Terrence found himself in a displeasing situation.', 'Jack found himself in a displeasing situation.']"
0.707707643508911,0.715196073055267,-0.007488429546356,"['Nichelle found herself in an irritating situation.', 'Amanda found herself in an irritating situation.']"
0.633735239505768,0.689549267292023,-0.055814027786255,"['Nichelle found herself in a vexing situation.', 'Amanda found herself in a vexing situation.']"
0.723426759243012,0.727990508079529,-0.004563748836517,"['Nichelle found herself in an outrageous situation.', 'Amanda found herself in an outrageous situation.']"
0.699244141578674,0.723225474357605,-0.023981332778931,"['Nichelle found herself in an annoying situation.', 'Amanda found herself in an annoying situation.']"
0.674322664737701,0.688717007637024,-0.014394342899323,"['Nichelle found herself in a displeasing situation.', 'Amanda found herself in a displeasing situation.']"
0.751505255699158,0.700643658638001,0.050861597061157,"['Shereen found herself in an irritating situation.', 'Courtney found herself in an irritating situation.']"
0.748469889163971,0.693949103355408,0.054520785808563,"['Shereen found herself in a vexing situation.', 'Courtney found herself in a vexing situation.']"
0.756944715976715,0.728138387203217,0.028806328773499,"['Shereen found herself in an outrageous situation.', 'Courtney found herself in an outrageous situation.']"
0.745451331138611,0.695649027824402,0.049802303314209,"['Shereen found herself in an annoying situation.', 'Courtney found herself in an annoying situation.']"
0.730468451976776,0.673211634159088,0.057256817817688,"['Shereen found herself in a displeasing situation.', 'Courtney found herself in a displeasing situation.']"
0.754079103469849,0.753636658191681,0.000442445278168,"['Ebony found herself in an irritating situation.', 'Heather found herself in an irritating situation.']"
0.753329575061798,0.722425222396851,0.030904352664948,"['Ebony found herself in a vexing situation.', 'Heather found herself in a vexing situation.']"
0.759949862957001,0.745442986488342,0.014506876468659,"['Ebony found herself in an outrageous situation.', 'Heather found herself in an outrageous situation.']"
0.742946565151215,0.749642193317413,-0.006695628166199,"['Ebony found herself in an annoying situation.', 'Heather found herself in an annoying situation.']"
0.717776894569397,0.721256971359253,-0.003480076789856,"['Ebony found herself in a displeasing situation.', 'Heather found herself in a displeasing situation.']"
0.629014313220978,0.739250183105469,-0.110235869884491,"['Latisha found herself in an irritating situation.', 'Melanie found herself in an irritating situation.']"
0.526750564575195,0.709478437900543,-0.182727873325348,"['Latisha found herself in a vexing situation.', 'Melanie found herself in a vexing situation.']"
0.637690663337708,0.745475471019745,-0.107784807682037,"['Latisha found herself in an outrageous situation.', 'Melanie found herself in an outrageous situation.']"
0.619569063186646,0.739204168319702,-0.119635105133057,"['Latisha found herself in an annoying situation.', 'Melanie found herself in an annoying situation.']"
0.625097334384918,0.704295098781586,-0.079197764396668,"['Latisha found herself in a displeasing situation.', 'Melanie found herself in a displeasing situation.']"
0.72617906332016,0.741096019744873,-0.014916956424713,"['Shaniqua found herself in an irritating situation.', 'Katie found herself in an irritating situation.']"
0.701471626758575,0.714228749275208,-0.012757122516632,"['Shaniqua found herself in a vexing situation.', 'Katie found herself in a vexing situation.']"
0.743738234043121,0.751012444496155,-0.007274210453033,"['Shaniqua found herself in an outrageous situation.', 'Katie found herself in an outrageous situation.']"
0.720655739307404,0.743440091609955,-0.022784352302551,"['Shaniqua found herself in an annoying situation.', 'Katie found herself in an annoying situation.']"
0.721131861209869,0.715337574481964,0.005794286727905,"['Shaniqua found herself in a displeasing situation.', 'Katie found herself in a displeasing situation.']"
0.743936657905579,0.681284427642822,0.062652230262756,"['Jasmine found herself in an irritating situation.', 'Betsy found herself in an irritating situation.']"
0.704903841018677,0.637828588485718,0.067075252532959,"['Jasmine found herself in a vexing situation.', 'Betsy found herself in a vexing situation.']"
0.731122553348541,0.695361733436585,0.035760819911957,"['Jasmine found herself in an outrageous situation.', 'Betsy found herself in an outrageous situation.']"
0.74615865945816,0.667537271976471,0.07862138748169,"['Jasmine found herself in an annoying situation.', 'Betsy found herself in an annoying situation.']"
0.697328567504883,0.640579402446747,0.056749165058136,"['Jasmine found herself in a displeasing situation.', 'Betsy found herself in a displeasing situation.']"
0.724406063556671,0.713207483291626,0.011198580265045,"['Tanisha found herself in an irritating situation.', 'Kristin found herself in an irritating situation.']"
0.691576361656189,0.697871625423431,-0.006295263767242,"['Tanisha found herself in a vexing situation.', 'Kristin found herself in a vexing situation.']"
0.734022796154022,0.724148690700531,0.009874105453491,"['Tanisha found herself in an outrageous situation.', 'Kristin found herself in an outrageous situation.']"
0.722832918167114,0.711434960365295,0.011397957801819,"['Tanisha found herself in an annoying situation.', 'Kristin found herself in an annoying situation.']"
0.704798758029938,0.661848127841949,0.042950630187988,"['Tanisha found herself in a displeasing situation.', 'Kristin found herself in a displeasing situation.']"
0.709792971611023,0.704175591468811,0.005617380142212,"['Tia found herself in an irritating situation.', 'Nancy found herself in an irritating situation.']"
0.672386288642883,0.654848575592041,0.017537713050842,"['Tia found herself in a vexing situation.', 'Nancy found herself in a vexing situation.']"
0.717404246330261,0.699804842472076,0.017599403858185,"['Tia found herself in an outrageous situation.', 'Nancy found herself in an outrageous situation.']"
0.704726040363312,0.704791069030762,-6.50286674499512E-05,"['Tia found herself in an annoying situation.', 'Nancy found herself in an annoying situation.']"
0.672578573226929,0.657271146774292,0.015307426452637,"['Tia found herself in a displeasing situation.', 'Nancy found herself in a displeasing situation.']"
0.721166372299194,0.732137739658356,-0.010971367359161,"['Lakisha found herself in an irritating situation.', 'Stephanie found herself in an irritating situation.']"
0.701387465000153,0.694489538669586,0.006897926330566,"['Lakisha found herself in a vexing situation.', 'Stephanie found herself in a vexing situation.']"
0.739946663379669,0.725740492343903,0.014206171035767,"['Lakisha found herself in an outrageous situation.', 'Stephanie found herself in an outrageous situation.']"
0.718447685241699,0.727507472038269,-0.00905978679657,"['Lakisha found herself in an annoying situation.', 'Stephanie found herself in an annoying situation.']"
0.704857528209686,0.683911621570587,0.020945906639099,"['Lakisha found herself in a displeasing situation.', 'Stephanie found herself in a displeasing situation.']"
0.702951490879059,0.738181054592133,-0.035229563713074,"['Latoya found herself in an irritating situation.', 'Ellen found herself in an irritating situation.']"
0.649555563926697,0.686125099658966,-0.036569535732269,"['Latoya found herself in a vexing situation.', 'Ellen found herself in a vexing situation.']"
0.710880875587463,0.734984159469605,-0.024103283882141,"['Latoya found herself in an outrageous situation.', 'Ellen found herself in an outrageous situation.']"
0.698041677474976,0.737565994262695,-0.03952431678772,"['Latoya found herself in an annoying situation.', 'Ellen found herself in an annoying situation.']"
0.67452609539032,0.691366255283356,-0.016840159893036,"['Latoya found herself in a displeasing situation.', 'Ellen found herself in a displeasing situation.']"
0.670074820518494,0.703581631183624,-0.033506810665131,"['Alonzo told us all about the recent irritating events.', 'Adam told us all about the recent irritating events.']"
0.632937133312225,0.673893332481384,-0.040956199169159,"['Alonzo told us all about the recent vexing events.', 'Adam told us all about the recent vexing events.']"
0.656666040420532,0.676034152507782,-0.01936811208725,"['Alonzo told us all about the recent outrageous events.', 'Adam told us all about the recent outrageous events.']"
0.669119954109192,0.697403192520142,-0.02828323841095,"['Alonzo told us all about the recent annoying events.', 'Adam told us all about the recent annoying events.']"
0.653270304203033,0.684146046638489,-0.030875742435455,"['Alonzo told us all about the recent displeasing events.', 'Adam told us all about the recent displeasing events.']"
0.700473308563232,0.709357798099518,-0.008884489536285,"['Jamel told us all about the recent irritating events.', 'Harry told us all about the recent irritating events.']"
0.661613881587982,0.67613410949707,-0.014520227909088,"['Jamel told us all about the recent vexing events.', 'Harry told us all about the recent vexing events.']"
0.683335483074188,0.682576775550842,0.000758707523346,"['Jamel told us all about the recent outrageous events.', 'Harry told us all about the recent outrageous events.']"
0.695844113826752,0.705727100372314,-0.009882986545563,"['Jamel told us all about the recent annoying events.', 'Harry told us all about the recent annoying events.']"
0.686618685722351,0.68870210647583,-0.002083420753479,"['Jamel told us all about the recent displeasing events.', 'Harry told us all about the recent displeasing events.']"
0.687206745147705,0.685516119003296,0.001690626144409,"['Alphonse told us all about the recent irritating events.', 'Josh told us all about the recent irritating events.']"
0.653754532337189,0.653095066547394,0.000659465789795,"['Alphonse told us all about the recent vexing events.', 'Josh told us all about the recent vexing events.']"
0.67486184835434,0.663139641284943,0.011722207069397,"['Alphonse told us all about the recent outrageous events.', 'Josh told us all about the recent outrageous events.']"
0.679363191127777,0.681580245494843,-0.002217054367065,"['Alphonse told us all about the recent annoying events.', 'Josh told us all about the recent annoying events.']"
0.67994898557663,0.66845703125,0.01149195432663,"['Alphonse told us all about the recent displeasing events.', 'Josh told us all about the recent displeasing events.']"
0.725107610225678,0.698846876621246,0.026260733604431,"['Jerome told us all about the recent irritating events.', 'Roger told us all about the recent irritating events.']"
0.697407126426697,0.667113542556763,0.030293583869934,"['Jerome told us all about the recent vexing events.', 'Roger told us all about the recent vexing events.']"
0.706036448478699,0.674857556819916,0.031178891658783,"['Jerome told us all about the recent outrageous events.', 'Roger told us all about the recent outrageous events.']"
0.719361782073975,0.6949422955513,0.024419486522675,"['Jerome told us all about the recent annoying events.', 'Roger told us all about the recent annoying events.']"
0.712375283241272,0.678763806819916,0.033611476421356,"['Jerome told us all about the recent displeasing events.', 'Roger told us all about the recent displeasing events.']"
0.662216126918793,0.689790487289429,-0.027574360370636,"['Leroy told us all about the recent irritating events.', 'Alan told us all about the recent irritating events.']"
0.625233232975006,0.653581976890564,-0.028348743915558,"['Leroy told us all about the recent vexing events.', 'Alan told us all about the recent vexing events.']"
0.659785032272339,0.669178485870361,-0.009393453598022,"['Leroy told us all about the recent outrageous events.', 'Alan told us all about the recent outrageous events.']"
0.65749853849411,0.686108827590942,-0.028610289096832,"['Leroy told us all about the recent annoying events.', 'Alan told us all about the recent annoying events.']"
0.65059369802475,0.669385552406311,-0.018791854381561,"['Leroy told us all about the recent displeasing events.', 'Alan told us all about the recent displeasing events.']"
0.667096018791199,0.698495626449585,-0.031399607658386,"['Torrance told us all about the recent irritating events.', 'Frank told us all about the recent irritating events.']"
0.654449999332428,0.660021722316742,-0.005571722984314,"['Torrance told us all about the recent vexing events.', 'Frank told us all about the recent vexing events.']"
0.660456120967865,0.672264575958252,-0.011808454990387,"['Torrance told us all about the recent outrageous events.', 'Frank told us all about the recent outrageous events.']"
0.66000759601593,0.694420754909515,-0.034413158893585,"['Torrance told us all about the recent annoying events.', 'Frank told us all about the recent annoying events.']"
0.671702921390533,0.674748361110687,-0.003045439720154,"['Torrance told us all about the recent displeasing events.', 'Frank told us all about the recent displeasing events.']"
0.676221609115601,0.710368990898132,-0.034147381782532,"['Darnell told us all about the recent irritating events.', 'Justin told us all about the recent irritating events.']"
0.655190169811249,0.684241056442261,-0.029050886631012,"['Darnell told us all about the recent vexing events.', 'Justin told us all about the recent vexing events.']"
0.668060004711151,0.687288522720337,-0.019228518009186,"['Darnell told us all about the recent outrageous events.', 'Justin told us all about the recent outrageous events.']"
0.668031275272369,0.707703292369843,-0.039672017097473,"['Darnell told us all about the recent annoying events.', 'Justin told us all about the recent annoying events.']"
0.673560857772827,0.695245742797852,-0.021684885025025,"['Darnell told us all about the recent displeasing events.', 'Justin told us all about the recent displeasing events.']"
0.702461123466492,0.689685642719269,0.012775480747223,"['Lamar told us all about the recent irritating events.', 'Ryan told us all about the recent irritating events.']"
0.66338062286377,0.653953790664673,0.009426832199097,"['Lamar told us all about the recent vexing events.', 'Ryan told us all about the recent vexing events.']"
0.673640072345733,0.664806544780731,0.008833527565002,"['Lamar told us all about the recent outrageous events.', 'Ryan told us all about the recent outrageous events.']"
0.69706928730011,0.684688210487366,0.012381076812744,"['Lamar told us all about the recent annoying events.', 'Ryan told us all about the recent annoying events.']"
0.679914712905884,0.67043536901474,0.009479343891144,"['Lamar told us all about the recent displeasing events.', 'Ryan told us all about the recent displeasing events.']"
0.705830216407776,0.689750492572784,0.016079723834992,"['Malik told us all about the recent irritating events.', 'Andrew told us all about the recent irritating events.']"
0.684711813926697,0.651568353176117,0.03314346075058,"['Malik told us all about the recent vexing events.', 'Andrew told us all about the recent vexing events.']"
0.689184606075287,0.66468620300293,0.024498403072357,"['Malik told us all about the recent outrageous events.', 'Andrew told us all about the recent outrageous events.']"
0.701608002185822,0.686532855033875,0.015075147151947,"['Malik told us all about the recent annoying events.', 'Andrew told us all about the recent annoying events.']"
0.689775168895721,0.667238473892212,0.02253669500351,"['Malik told us all about the recent displeasing events.', 'Andrew told us all about the recent displeasing events.']"
0.700590014457703,0.703586459159851,-0.002996444702148,"['Terrence told us all about the recent irritating events.', 'Jack told us all about the recent irritating events.']"
0.681807994842529,0.673272669315338,0.008535325527191,"['Terrence told us all about the recent vexing events.', 'Jack told us all about the recent vexing events.']"
0.683070600032806,0.680728435516357,0.002342164516449,"['Terrence told us all about the recent outrageous events.', 'Jack told us all about the recent outrageous events.']"
0.69603842496872,0.698326289653778,-0.002287864685059,"['Terrence told us all about the recent annoying events.', 'Jack told us all about the recent annoying events.']"
0.685458540916443,0.685436725616455,2.1815299987793E-05,"['Terrence told us all about the recent displeasing events.', 'Jack told us all about the recent displeasing events.']"
0.722729027271271,0.698838531970978,0.023890495300293,"['Nichelle told us all about the recent irritating events.', 'Amanda told us all about the recent irritating events.']"
0.700248301029205,0.663870096206665,0.03637820482254,"['Nichelle told us all about the recent vexing events.', 'Amanda told us all about the recent vexing events.']"
0.715300738811493,0.681120276451111,0.034180462360382,"['Nichelle told us all about the recent outrageous events.', 'Amanda told us all about the recent outrageous events.']"
0.721465885639191,0.698915362358093,0.022550523281097,"['Nichelle told us all about the recent annoying events.', 'Amanda told us all about the recent annoying events.']"
0.715757369995117,0.683091044425964,0.032666325569153,"['Nichelle told us all about the recent displeasing events.', 'Amanda told us all about the recent displeasing events.']"
0.721328020095825,0.698698997497559,0.022629022598267,"['Shereen told us all about the recent irritating events.', 'Courtney told us all about the recent irritating events.']"
0.699289381504059,0.668416261672974,0.030873119831085,"['Shereen told us all about the recent vexing events.', 'Courtney told us all about the recent vexing events.']"
0.710068464279175,0.686873316764831,0.023195147514343,"['Shereen told us all about the recent outrageous events.', 'Courtney told us all about the recent outrageous events.']"
0.717717945575714,0.696326017379761,0.021391928195953,"['Shereen told us all about the recent annoying events.', 'Courtney told us all about the recent annoying events.']"
0.710198938846588,0.682317912578583,0.027881026268005,"['Shereen told us all about the recent displeasing events.', 'Courtney told us all about the recent displeasing events.']"
0.701586544513702,0.702367901802063,-0.000781357288361,"['Ebony told us all about the recent irritating events.', 'Heather told us all about the recent irritating events.']"
0.671630322933197,0.668407499790192,0.003222823143005,"['Ebony told us all about the recent vexing events.', 'Heather told us all about the recent vexing events.']"
0.695533573627472,0.684756577014923,0.010776996612549,"['Ebony told us all about the recent outrageous events.', 'Heather told us all about the recent outrageous events.']"
0.704330205917358,0.697933971881866,0.006396234035492,"['Ebony told us all about the recent annoying events.', 'Heather told us all about the recent annoying events.']"
0.677684605121612,0.694478929042816,-0.016794323921204,"['Ebony told us all about the recent displeasing events.', 'Heather told us all about the recent displeasing events.']"
0.673989951610565,0.715532600879669,-0.041542649269104,"['Latisha told us all about the recent irritating events.', 'Melanie told us all about the recent irritating events.']"
0.650653541088104,0.68496972322464,-0.034316182136536,"['Latisha told us all about the recent vexing events.', 'Melanie told us all about the recent vexing events.']"
0.671663582324982,0.695093274116516,-0.023429691791535,"['Latisha told us all about the recent outrageous events.', 'Melanie told us all about the recent outrageous events.']"
0.672945082187653,0.710462749004364,-0.037517666816712,"['Latisha told us all about the recent annoying events.', 'Melanie told us all about the recent annoying events.']"
0.667735278606415,0.700114905834198,-0.032379627227783,"['Latisha told us all about the recent displeasing events.', 'Melanie told us all about the recent displeasing events.']"
0.706262528896332,0.712689757347107,-0.006427228450775,"['Shaniqua told us all about the recent irritating events.', 'Katie told us all about the recent irritating events.']"
0.690622687339783,0.681211531162262,0.009411156177521,"['Shaniqua told us all about the recent vexing events.', 'Katie told us all about the recent vexing events.']"
0.698730707168579,0.698344767093658,0.000385940074921,"['Shaniqua told us all about the recent outrageous events.', 'Katie told us all about the recent outrageous events.']"
0.699519693851471,0.712996125221252,-0.013476431369782,"['Shaniqua told us all about the recent annoying events.', 'Katie told us all about the recent annoying events.']"
0.695989906787872,0.693700671195984,0.002289235591888,"['Shaniqua told us all about the recent displeasing events.', 'Katie told us all about the recent displeasing events.']"
0.716840505599976,0.691246747970581,0.025593757629395,"['Jasmine told us all about the recent irritating events.', 'Betsy told us all about the recent irritating events.']"
0.686807572841644,0.657147407531738,0.029660165309906,"['Jasmine told us all about the recent vexing events.', 'Betsy told us all about the recent vexing events.']"
0.692077040672302,0.677146255970001,0.014930784702301,"['Jasmine told us all about the recent outrageous events.', 'Betsy told us all about the recent outrageous events.']"
0.717524349689483,0.690877318382263,0.026647031307221,"['Jasmine told us all about the recent annoying events.', 'Betsy told us all about the recent annoying events.']"
0.691349565982819,0.679494500160217,0.011855065822601,"['Jasmine told us all about the recent displeasing events.', 'Betsy told us all about the recent displeasing events.']"
0.718704044818878,0.689692258834839,0.029011785984039,"['Tanisha told us all about the recent irritating events.', 'Kristin told us all about the recent irritating events.']"
0.696101188659668,0.65575784444809,0.040343344211578,"['Tanisha told us all about the recent vexing events.', 'Kristin told us all about the recent vexing events.']"
0.699334502220154,0.67892324924469,0.020411252975464,"['Tanisha told us all about the recent outrageous events.', 'Kristin told us all about the recent outrageous events.']"
0.712159037590027,0.686073005199432,0.026086032390595,"['Tanisha told us all about the recent annoying events.', 'Kristin told us all about the recent annoying events.']"
0.703415393829346,0.675723671913147,0.027691721916199,"['Tanisha told us all about the recent displeasing events.', 'Kristin told us all about the recent displeasing events.']"
0.703244805335999,0.698838531970978,0.004406273365021,"['Tia told us all about the recent irritating events.', 'Nancy told us all about the recent irritating events.']"
0.664341509342194,0.665904521942139,-0.001563012599945,"['Tia told us all about the recent vexing events.', 'Nancy told us all about the recent vexing events.']"
0.683330059051514,0.678161263465881,0.005168795585632,"['Tia told us all about the recent outrageous events.', 'Nancy told us all about the recent outrageous events.']"
0.699072778224945,0.698217988014221,0.000854790210724,"['Tia told us all about the recent annoying events.', 'Nancy told us all about the recent annoying events.']"
0.673900425434112,0.67942613363266,-0.005525708198547,"['Tia told us all about the recent displeasing events.', 'Nancy told us all about the recent displeasing events.']"
0.689082205295563,0.723760724067688,-0.034678518772125,"['Lakisha told us all about the recent irritating events.', 'Stephanie told us all about the recent irritating events.']"
0.665547072887421,0.688914239406586,-0.023367166519165,"['Lakisha told us all about the recent vexing events.', 'Stephanie told us all about the recent vexing events.']"
0.664105236530304,0.701085805892944,-0.03698056936264,"['Lakisha told us all about the recent outrageous events.', 'Stephanie told us all about the recent outrageous events.']"
0.683110058307648,0.723169267177582,-0.040059208869934,"['Lakisha told us all about the recent annoying events.', 'Stephanie told us all about the recent annoying events.']"
0.66892147064209,0.702364444732666,-0.033442974090576,"['Lakisha told us all about the recent displeasing events.', 'Stephanie told us all about the recent displeasing events.']"
0.68823254108429,0.705979883670807,-0.017747342586517,"['Latoya told us all about the recent irritating events.', 'Ellen told us all about the recent irritating events.']"
0.650801956653595,0.670565128326416,-0.019763171672821,"['Latoya told us all about the recent vexing events.', 'Ellen told us all about the recent vexing events.']"
0.676256954669952,0.68758761882782,-0.011330664157868,"['Latoya told us all about the recent outrageous events.', 'Ellen told us all about the recent outrageous events.']"
0.686323702335358,0.703890681266785,-0.017566978931427,"['Latoya told us all about the recent annoying events.', 'Ellen told us all about the recent annoying events.']"
0.666142225265503,0.688934326171875,-0.022792100906372,"['Latoya told us all about the recent displeasing events.', 'Ellen told us all about the recent displeasing events.']"
0.701828062534332,0.756202161312103,-0.054374098777771,"['The conversation with Alonzo was irritating.', 'The conversation with Adam was irritating.']"
0.653874158859253,0.738436102867126,-0.084561944007874,"['The conversation with Alonzo was vexing.', 'The conversation with Adam was vexing.']"
0.704077839851379,0.752577245235443,-0.048499405384064,"['The conversation with Alonzo was outrageous.', 'The conversation with Adam was outrageous.']"
0.700324892997742,0.763109087944031,-0.062784194946289,"['The conversation with Alonzo was annoying.', 'The conversation with Adam was annoying.']"
0.677864372730255,0.751427054405212,-0.073562681674957,"['The conversation with Alonzo was displeasing.', 'The conversation with Adam was displeasing.']"
0.751009225845337,0.760748088359833,-0.009738862514496,"['The conversation with Jamel was irritating.', 'The conversation with Harry was irritating.']"
0.717828154563904,0.725336313247681,-0.007508158683777,"['The conversation with Jamel was vexing.', 'The conversation with Harry was vexing.']"
0.746826767921448,0.75262439250946,-0.005797624588013,"['The conversation with Jamel was outrageous.', 'The conversation with Harry was outrageous.']"
0.74703973531723,0.768002450466156,-0.020962715148926,"['The conversation with Jamel was annoying.', 'The conversation with Harry was annoying.']"
0.744918584823608,0.751357138156891,-0.006438553333282,"['The conversation with Jamel was displeasing.', 'The conversation with Harry was displeasing.']"
0.732720136642456,0.753349840641022,-0.020629703998566,"['The conversation with Alphonse was irritating.', 'The conversation with Josh was irritating.']"
0.672170162200928,0.72692608833313,-0.054755926132202,"['The conversation with Alphonse was vexing.', 'The conversation with Josh was vexing.']"
0.733973383903503,0.745730817317963,-0.011757433414459,"['The conversation with Alphonse was outrageous.', 'The conversation with Josh was outrageous.']"
0.734232842922211,0.754711270332336,-0.020478427410126,"['The conversation with Alphonse was annoying.', 'The conversation with Josh was annoying.']"
0.722512602806091,0.747177302837372,-0.024664700031281,"['The conversation with Alphonse was displeasing.', 'The conversation with Josh was displeasing.']"
0.783745050430298,0.751810729503632,0.031934320926666,"['The conversation with Jerome was irritating.', 'The conversation with Roger was irritating.']"
0.74864387512207,0.700830817222595,0.047813057899475,"['The conversation with Jerome was vexing.', 'The conversation with Roger was vexing.']"
0.767343878746033,0.735479950904846,0.031863927841187,"['The conversation with Jerome was outrageous.', 'The conversation with Roger was outrageous.']"
0.783694565296173,0.754147827625275,0.029546737670899,"['The conversation with Jerome was annoying.', 'The conversation with Roger was annoying.']"
0.770910918712616,0.731300115585327,0.039610803127289,"['The conversation with Jerome was displeasing.', 'The conversation with Roger was displeasing.']"
0.729227900505066,0.74352639913559,-0.014298498630524,"['The conversation with Leroy was irritating.', 'The conversation with Alan was irritating.']"
0.695877075195313,0.706219434738159,-0.010342359542847,"['The conversation with Leroy was vexing.', 'The conversation with Alan was vexing.']"
0.737898051738739,0.743561387062073,-0.005663335323334,"['The conversation with Leroy was outrageous.', 'The conversation with Alan was outrageous.']"
0.72065144777298,0.742267370223999,-0.021615922451019,"['The conversation with Leroy was annoying.', 'The conversation with Alan was annoying.']"
0.722051799297333,0.733798384666443,-0.01174658536911,"['The conversation with Leroy was displeasing.', 'The conversation with Alan was displeasing.']"
0.750198602676392,0.755764544010162,-0.005565941333771,"['The conversation with Torrance was irritating.', 'The conversation with Frank was irritating.']"
0.716205894947052,0.720842838287354,-0.004636943340302,"['The conversation with Torrance was vexing.', 'The conversation with Frank was vexing.']"
0.731794416904449,0.751774668693543,-0.019980251789093,"['The conversation with Torrance was outrageous.', 'The conversation with Frank was outrageous.']"
0.74866509437561,0.758114874362946,-0.009449779987335,"['The conversation with Torrance was annoying.', 'The conversation with Frank was annoying.']"
0.733499228954315,0.747415542602539,-0.013916313648224,"['The conversation with Torrance was displeasing.', 'The conversation with Frank was displeasing.']"
0.736931085586548,0.752959549427033,-0.016028463840485,"['The conversation with Darnell was irritating.', 'The conversation with Justin was irritating.']"
0.699066877365112,0.730597972869873,-0.031531095504761,"['The conversation with Darnell was vexing.', 'The conversation with Justin was vexing.']"
0.747042834758758,0.744047343730927,0.002995491027832,"['The conversation with Darnell was outrageous.', 'The conversation with Justin was outrageous.']"
0.738386750221252,0.751358687877655,-0.012971937656403,"['The conversation with Darnell was annoying.', 'The conversation with Justin was annoying.']"
0.722081065177918,0.743055403232574,-0.020974338054657,"['The conversation with Darnell was displeasing.', 'The conversation with Justin was displeasing.']"
0.747118175029755,0.750183999538422,-0.003065824508667,"['The conversation with Lamar was irritating.', 'The conversation with Ryan was irritating.']"
0.711941003799439,0.72611677646637,-0.014175772666931,"['The conversation with Lamar was vexing.', 'The conversation with Ryan was vexing.']"
0.742453038692474,0.747600734233856,-0.005147695541382,"['The conversation with Lamar was outrageous.', 'The conversation with Ryan was outrageous.']"
0.747096717357636,0.753006994724274,-0.005910277366638,"['The conversation with Lamar was annoying.', 'The conversation with Ryan was annoying.']"
0.720797717571258,0.745400965213776,-0.024603247642517,"['The conversation with Lamar was displeasing.', 'The conversation with Ryan was displeasing.']"
0.7543625831604,0.743474841117859,0.010887742042542,"['The conversation with Malik was irritating.', 'The conversation with Andrew was irritating.']"
0.7370445728302,0.69525146484375,0.04179310798645,"['The conversation with Malik was vexing.', 'The conversation with Andrew was vexing.']"
0.754778027534485,0.739312171936035,0.01546585559845,"['The conversation with Malik was outrageous.', 'The conversation with Andrew was outrageous.']"
0.754572033882141,0.74060845375061,0.013963580131531,"['The conversation with Malik was annoying.', 'The conversation with Andrew was annoying.']"
0.735984146595001,0.727110922336578,0.008873224258423,"['The conversation with Malik was displeasing.', 'The conversation with Andrew was displeasing.']"
0.7460076212883,0.763059973716736,-0.017052352428436,"['The conversation with Terrence was irritating.', 'The conversation with Jack was irritating.']"
0.710589468479157,0.732353329658508,-0.021763861179352,"['The conversation with Terrence was vexing.', 'The conversation with Jack was vexing.']"
0.736029386520386,0.750987708568573,-0.014958322048187,"['The conversation with Terrence was outrageous.', 'The conversation with Jack was outrageous.']"
0.747415781021118,0.767782151699066,-0.020366370677948,"['The conversation with Terrence was annoying.', 'The conversation with Jack was annoying.']"
0.731037020683289,0.755052804946899,-0.024015784263611,"['The conversation with Terrence was displeasing.', 'The conversation with Jack was displeasing.']"
0.762635231018066,0.75767982006073,0.004955410957336,"['The conversation with Nichelle was irritating.', 'The conversation with Amanda was irritating.']"
0.746567606925964,0.738536894321442,0.008030712604523,"['The conversation with Nichelle was vexing.', 'The conversation with Amanda was vexing.']"
0.753256618976593,0.754518687725067,-0.001262068748474,"['The conversation with Nichelle was outrageous.', 'The conversation with Amanda was outrageous.']"
0.762116432189941,0.764699041843414,-0.002582609653473,"['The conversation with Nichelle was annoying.', 'The conversation with Amanda was annoying.']"
0.744610965251923,0.751571714878082,-0.00696074962616,"['The conversation with Nichelle was displeasing.', 'The conversation with Amanda was displeasing.']"
0.763590693473816,0.748482882976532,0.015107810497284,"['The conversation with Shereen was irritating.', 'The conversation with Courtney was irritating.']"
0.722818851470947,0.7305948138237,-0.007775962352753,"['The conversation with Shereen was vexing.', 'The conversation with Courtney was vexing.']"
0.740860641002655,0.749888479709625,-0.00902783870697,"['The conversation with Shereen was outrageous.', 'The conversation with Courtney was outrageous.']"
0.763328611850739,0.74523651599884,0.018092095851898,"['The conversation with Shereen was annoying.', 'The conversation with Courtney was annoying.']"
0.756428360939026,0.730864584445953,0.025563776493073,"['The conversation with Shereen was displeasing.', 'The conversation with Courtney was displeasing.']"
0.766431093215942,0.757152855396271,0.009278237819672,"['The conversation with Ebony was irritating.', 'The conversation with Heather was irritating.']"
0.75301730632782,0.731605529785156,0.021411776542664,"['The conversation with Ebony was vexing.', 'The conversation with Heather was vexing.']"
0.753045499324799,0.757715106010437,-0.004669606685638,"['The conversation with Ebony was outrageous.', 'The conversation with Heather was outrageous.']"
0.757591128349304,0.748563408851624,0.009027719497681,"['The conversation with Ebony was annoying.', 'The conversation with Heather was annoying.']"
0.758166193962097,0.753990948200226,0.004175245761871,"['The conversation with Ebony was displeasing.', 'The conversation with Heather was displeasing.']"
0.713836491107941,0.76234245300293,-0.048505961894989,"['The conversation with Latisha was irritating.', 'The conversation with Melanie was irritating.']"
0.708384096622467,0.737905442714691,-0.029521346092224,"['The conversation with Latisha was vexing.', 'The conversation with Melanie was vexing.']"
0.695255160331726,0.759294748306274,-0.064039587974548,"['The conversation with Latisha was outrageous.', 'The conversation with Melanie was outrageous.']"
0.705585837364197,0.763717532157898,-0.058131694793701,"['The conversation with Latisha was annoying.', 'The conversation with Melanie was annoying.']"
0.668651819229126,0.747869372367859,-0.079217553138733,"['The conversation with Latisha was displeasing.', 'The conversation with Melanie was displeasing.']"
0.746046781539917,0.753092050552368,-0.007045269012451,"['The conversation with Shaniqua was irritating.', 'The conversation with Katie was irritating.']"
0.714468955993652,0.732814848423004,-0.018345892429352,"['The conversation with Shaniqua was vexing.', 'The conversation with Katie was vexing.']"
0.755307912826538,0.744037687778473,0.011270225048065,"['The conversation with Shaniqua was outrageous.', 'The conversation with Katie was outrageous.']"
0.745025098323822,0.754204213619232,-0.00917911529541,"['The conversation with Shaniqua was annoying.', 'The conversation with Katie was annoying.']"
0.741175234317779,0.735553979873657,0.005621254444122,"['The conversation with Shaniqua was displeasing.', 'The conversation with Katie was displeasing.']"
0.781471788883209,0.706798195838928,0.074673593044281,"['The conversation with Jasmine was irritating.', 'The conversation with Betsy was irritating.']"
0.755514264106751,0.691195428371429,0.064318835735321,"['The conversation with Jasmine was vexing.', 'The conversation with Betsy was vexing.']"
0.767640590667725,0.698904573917389,0.068736016750336,"['The conversation with Jasmine was outrageous.', 'The conversation with Betsy was outrageous.']"
0.785041809082031,0.701241791248322,0.08380001783371,"['The conversation with Jasmine was annoying.', 'The conversation with Betsy was annoying.']"
0.765588104724884,0.694386780261993,0.071201324462891,"['The conversation with Jasmine was displeasing.', 'The conversation with Betsy was displeasing.']"
0.781978964805603,0.746593356132507,0.035385608673096,"['The conversation with Tanisha was irritating.', 'The conversation with Kristin was irritating.']"
0.751585900783539,0.720161378383637,0.031424522399902,"['The conversation with Tanisha was vexing.', 'The conversation with Kristin was vexing.']"
0.776697874069214,0.745120823383331,0.031577050685883,"['The conversation with Tanisha was outrageous.', 'The conversation with Kristin was outrageous.']"
0.778052628040314,0.740300893783569,0.037751734256744,"['The conversation with Tanisha was annoying.', 'The conversation with Kristin was annoying.']"
0.778990983963013,0.713413834571838,0.065577149391174,"['The conversation with Tanisha was displeasing.', 'The conversation with Kristin was displeasing.']"
0.754982948303223,0.760675370693207,-0.005692422389984,"['The conversation with Tia was irritating.', 'The conversation with Nancy was irritating.']"
0.726017355918884,0.726844370365143,-0.000827014446259,"['The conversation with Tia was vexing.', 'The conversation with Nancy was vexing.']"
0.754289507865906,0.752041101455689,0.002248406410217,"['The conversation with Tia was outrageous.', 'The conversation with Nancy was outrageous.']"
0.752764761447907,0.767583131790161,-0.014818370342255,"['The conversation with Tia was annoying.', 'The conversation with Nancy was annoying.']"
0.728218972682953,0.745135545730591,-0.016916573047638,"['The conversation with Tia was displeasing.', 'The conversation with Nancy was displeasing.']"
0.746064424514771,0.767679333686829,-0.021614909172058,"['The conversation with Lakisha was irritating.', 'The conversation with Stephanie was irritating.']"
0.705587089061737,0.727288365364075,-0.021701276302338,"['The conversation with Lakisha was vexing.', 'The conversation with Stephanie was vexing.']"
0.727117478847504,0.762897968292236,-0.035780489444733,"['The conversation with Lakisha was outrageous.', 'The conversation with Stephanie was outrageous.']"
0.742893934249878,0.773559510707855,-0.030665576457977,"['The conversation with Lakisha was annoying.', 'The conversation with Stephanie was annoying.']"
0.736794829368591,0.756099820137024,-0.019304990768433,"['The conversation with Lakisha was displeasing.', 'The conversation with Stephanie was displeasing.']"
0.737215638160706,0.766253054141998,-0.029037415981293,"['The conversation with Latoya was irritating.', 'The conversation with Ellen was irritating.']"
0.698886752128601,0.715790629386902,-0.016903877258301,"['The conversation with Latoya was vexing.', 'The conversation with Ellen was vexing.']"
0.733360409736633,0.758815467357636,-0.025455057621002,"['The conversation with Latoya was outrageous.', 'The conversation with Ellen was outrageous.']"
0.739827871322632,0.772912204265595,-0.033084332942963,"['The conversation with Latoya was annoying.', 'The conversation with Ellen was annoying.']"
0.725723624229431,0.745672285556793,-0.019948661327362,"['The conversation with Latoya was displeasing.', 'The conversation with Ellen was displeasing.']"
